a	b	reasons
bastion	crosswind	tag:momentum
bastion	feasting	status:forward:guarded
bastion	featherweight	tag:momentum
bastion	heavy	tag:momentum
bastion	ledge	tag:momentum
bastion	mirror_shard	tag:guarded
bastion	renewal	event:forward:status_applied,status:forward:guarded,tag:guarded
bastion	reprisal	status:reverse:momentum,tag:guarded,tag:momentum
bastion	rush	status:reverse:momentum,tag:momentum
bastion	shelter	tag:guarded
bastion	still_heart	tag:guarded
bastion	storm_shell	tag:guarded
bastion	updraft	status:reverse:momentum,tag:momentum
brittle	feasting	status:forward:curse
brittle	frosted	tag:chilled
brittle	frozen_oath	tag:chilled
brittle	icebound	status:reverse:chill,tag:chilled
brittle	lingering	tag:chilled
brittle	malice	tag:cursed
brittle	shatter	tag:chilled
brittle	winter_heart	tag:chilled
burning	ember_crown	tag:fire
burning	kindling	tag:fire
burning	pyromancer	tag:fire
charged	featherweight	tag:aerial
charged	storm_shell	tag:electric
charged	updraft	tag:aerial
cinder	ember_crown	tag:burning
cinder	frozen_oath	tag:damage
cinder	glass_core	tag:damage
cinder	heavy	tag:damage
cinder	kindling	status:reverse:burn,tag:burning
cinder	lingering	tag:burning
cinder	malice	tag:burning
cinder	mirror_shard	tag:damage
cinder	pyre	tag:burning,tag:damage
cinder	shatter	tag:damage
crosswind	feasting	status:forward:haste
crosswind	featherweight	tag:momentum
crosswind	heavy	tag:momentum
crosswind	ledge	tag:hasted,tag:momentum
crosswind	lingering	tag:hasted
crosswind	reprisal	status:reverse:momentum,tag:momentum
crosswind	rush	status:forward:haste,status:reverse:momentum,tag:hasted,tag:momentum
crosswind	still_heart	event:forward:status_applied,status:forward:haste,tag:hasted
crosswind	updraft	status:reverse:momentum,tag:momentum
ember_crown	glass_core	tag:unique
ember_crown	kindling	tag:burning,tag:fire
ember_crown	lingering	tag:burning
ember_crown	malice	tag:burning
ember_crown	mirror_shard	tag:unique
ember_crown	pyre	tag:burning
ember_crown	pyromancer	tag:fire
ember_crown	storm_shell	tag:unique
ember_crown	winter_heart	tag:unique
feasting	icebound	status:reverse:chill
feasting	kindling	status:reverse:burn
feasting	ledge	status:reverse:haste
feasting	malice	status:reverse:curse
feasting	renewal	tag:healing
feasting	reprisal	status:reverse:guarded,status:reverse:momentum
feasting	rush	status:reverse:momentum
feasting	shelter	status:reverse:guarded,tag:healing
feasting	still_heart	status:reverse:guarded
feasting	updraft	status:reverse:momentum
featherweight	heavy	tag:momentum
featherweight	ledge	tag:momentum
featherweight	reprisal	tag:momentum
featherweight	rush	tag:momentum
featherweight	updraft	tag:aerial,tag:momentum
frosted	frozen_oath	tag:chilled,tag:ice
frosted	icebound	tag:chilled,tag:ice
frosted	lingering	tag:chilled
frosted	pyromancer	tag:ice
frosted	shatter	tag:chilled
frosted	winter_heart	tag:chilled,tag:ice
frozen_oath	glass_core	tag:damage
frozen_oath	heavy	tag:damage
frozen_oath	icebound	tag:chilled,tag:ice
frozen_oath	lingering	tag:chilled
frozen_oath	mirror_shard	tag:damage
frozen_oath	pyre	tag:damage
frozen_oath	pyromancer	tag:ice,tag:keystone
frozen_oath	shatter	tag:chilled,tag:damage
frozen_oath	still_heart	tag:keystone
frozen_oath	winter_heart	tag:chilled,tag:ice
glass_core	heavy	tag:damage
glass_core	mirror_shard	tag:damage,tag:unique
glass_core	pyre	tag:damage
glass_core	shatter	tag:damage
glass_core	storm_shell	tag:unique
glass_core	winter_heart	tag:unique
heavy	ledge	tag:momentum
heavy	mirror_shard	tag:damage
heavy	pyre	tag:damage
heavy	reprisal	tag:momentum
heavy	rush	tag:momentum
heavy	shatter	tag:damage
heavy	updraft	tag:momentum
icebound	lingering	tag:chilled
icebound	pyromancer	tag:ice
icebound	shatter	status:forward:chill,tag:chilled
icebound	winter_heart	tag:chilled,tag:ice
kindling	lingering	tag:burning
kindling	malice	status:forward:burn,tag:burning
kindling	pyre	status:forward:burn,tag:burning
kindling	pyromancer	tag:fire
ledge	lingering	tag:hasted
ledge	reprisal	tag:momentum
ledge	rush	status:forward:haste,tag:hasted,tag:momentum
ledge	still_heart	event:forward:status_applied,status:forward:haste,tag:hasted
ledge	updraft	tag:momentum
lingering	malice	tag:burning
lingering	pyre	tag:burning
lingering	rush	tag:hasted
lingering	shatter	tag:chilled
lingering	still_heart	tag:hasted
lingering	winter_heart	tag:chilled
malice	pyre	tag:burning
mirror_shard	pyre	tag:damage
mirror_shard	renewal	tag:guarded
mirror_shard	reprisal	tag:guarded
mirror_shard	shatter	tag:damage
mirror_shard	shelter	tag:guarded
mirror_shard	still_heart	tag:guarded
mirror_shard	storm_shell	tag:guarded,tag:unique
mirror_shard	winter_heart	tag:unique
pyre	shatter	tag:damage
pyromancer	still_heart	tag:keystone
pyromancer	winter_heart	tag:ice
renewal	reprisal	event:reverse:status_applied,status:reverse:guarded,tag:guarded
renewal	shelter	event:reverse:status_applied,status:reverse:guarded,tag:guarded,tag:healing
renewal	still_heart	event:reverse:status_applied,status:reverse:guarded,tag:guarded
renewal	storm_shell	tag:guarded
reprisal	rush	tag:momentum
reprisal	shelter	tag:guarded
reprisal	still_heart	tag:guarded
reprisal	storm_shell	tag:guarded
reprisal	updraft	tag:momentum
rush	still_heart	tag:hasted
rush	updraft	tag:momentum
shatter	winter_heart	tag:chilled
shelter	still_heart	tag:guarded
shelter	storm_shell	tag:guarded
still_heart	storm_shell	tag:guarded
storm_shell	winter_heart	tag:unique
